Strategy Name,Ticker,Model Name,Model Number,Feature Set ID,Accuracy,Precision,Recall,F1 Score,Confusion Matrix
logistic_regression,MSFT,lr,1,FS_1,0.4388,0.5417,0.4388,0.439,"72    32    10
47    52    13
73    68    66"
random_forest,MSFT,rf,1,FS_1,0.3782,0.4396,0.3782,0.3685,"56    21    24
40    50    14
98    48    43"
xgboost,MSFT,xgb,1,FS_1,0.3579,0.4087,0.3579,0.3478,"54    28    19
36    45    23
92    55    42"
logistic_regression,AAPL,lr,1,FS_1,0.2633,0.4924,0.2633,0.2282,"12    79    15
4    67    2
30    189    35"
random_forest,AAPL,rf,1,FS_1,0.2716,0.4832,0.2716,0.2586,"60    16    10
57    6    8
132    64    41"
xgboost,AAPL,xgb,1,FS_1,0.3096,0.5427,0.3096,0.2947,"59    20    7
42    22    7
142    54    41"
logistic_regression,GOOG,lr,1,FS_1,0.3995,0.4176,0.3995,0.3728,"15    58    47
11    85    14
31    99    73"
random_forest,GOOG,rf,1,FS_1,0.3959,0.4338,0.3959,0.3983,"33    37    29
26    57    24
51    71    66"
xgboost,GOOG,xgb,1,FS_1,0.3756,0.4083,0.3756,0.3818,"31    41    27
25    47    35
50    68    70"
logistic_regression,META,lr,1,FS_1,0.3903,0.4478,0.3903,0.4059,"50    39    47
20    31    24
52    82    88"
random_forest,META,rf,1,FS_1,0.3832,0.4609,0.3832,0.3903,"46    38    36
21    38    8
77    63    67"
xgboost,META,xgb,1,FS_1,0.3858,0.4937,0.3858,0.395,"50    45    25
21    38    8
75    68    64"
logistic_regression,ORCL,lr,1,FS_1,0.3949,0.4003,0.3949,0.3968,"39    44    34
59    62    45
37    43    70"
random_forest,ORCL,rf,1,FS_1,0.335,0.3343,0.335,0.3344,"20    39    45
45    52    49
38    46    60"
xgboost,ORCL,xgb,1,FS_1,0.3249,0.3257,0.3249,0.3253,"30    43    31
48    43    55
29    60    55"
logistic_regression,ADBE,lr,1,FS_1,0.3972,0.4364,0.3972,0.3906,"18    47    59
8    51    20
33    94    103"
random_forest,ADBE,rf,1,FS_1,0.4442,0.4634,0.4442,0.4481,"29    25    55
19    37    19
45    56    109"
xgboost,ADBE,xgb,1,FS_1,0.3832,0.4388,0.3832,0.3928,"33    27    49
28    39    8
62    69    79"
logistic_regression,TSLA,lr,1,FS_1,0.4988,0.5852,0.4988,0.4986,"7    49    71
0    15    4
13    80    194"
random_forest,TSLA,rf,1,FS_1,0.5533,0.5848,0.5533,0.567,"37    13    55
3    4    12
82    11    177"
xgboost,TSLA,xgb,1,FS_1,0.4518,0.5678,0.4518,0.4774,"54    8    43
14    1    4
142    5    123"
logistic_regression,AMD,lr,1,FS_1,0.4919,0.5081,0.4919,0.4909,"72    1    73
22    3    9
108    7    138"
random_forest,AMD,rf,1,FS_1,0.5051,0.4598,0.5051,0.4801,"42    2    92
14    0    16
68    3    157"
xgboost,AMD,xgb,1,FS_1,0.4162,0.4807,0.4162,0.4326,"65    20    51
15    6    9
106    29    93"
logistic_regression,NVDA,lr,1,FS_1,0.2633,0.4093,0.2633,0.2873,"33    65    38
3    21    14
95    104    60"
random_forest,NVDA,rf,1,FS_1,0.401,0.4548,0.401,0.4218,"34    21    58
11    7    19
93    34    117"
xgboost,NVDA,xgb,1,FS_1,0.3426,0.441,0.3426,0.3741,"30    36    47
10    10    17
101    48    95"
logistic_regression,QQQ,lr,1,FS_1,0.4457,0.493,0.4457,0.42,"28    53    20
19    113    12
28    108    52"
random_forest,QQQ,rf,1,FS_1,0.4112,0.4631,0.4112,0.4072,"38    24    24
40    75    14
64    66    49"
xgboost,QQQ,xgb,1,FS_1,0.4162,0.4783,0.4162,0.4039,"46    25    15
36    77    16
80    58    41"
logistic_regression,MSFT,lr,2,FS_2,0.418,0.4891,0.418,0.4239,"58    41    15
37    52    23
63    73    71"
random_forest,MSFT,rf,2,FS_2,0.4467,0.4831,0.4467,0.4485,"57    19    25
32    47    25
65    52    72"
xgboost,MSFT,xgb,2,FS_2,0.3985,0.4585,0.3985,0.3992,"48    32    21
33    52    19
77    55    57"
logistic_regression,AAPL,lr,2,FS_2,0.2494,0.7008,0.2494,0.1582,"32    74    0
2    71    0
67    182    5"
random_forest,AAPL,rf,2,FS_2,0.3426,0.5675,0.3426,0.3376,"56    19    11
38    29    4
132    55    50"
xgboost,AAPL,xgb,2,FS_2,0.3274,0.5027,0.3274,0.3199,"57    17    12
36    23    12
134    54    49"
logistic_regression,GOOG,lr,2,FS_2,0.3949,0.4071,0.3949,0.3552,"6    70    44
9    87    14
15    110    78"
random_forest,GOOG,rf,2,FS_2,0.3858,0.4201,0.3858,0.3857,"22    45    32
24    61    22
48    71    69"
xgboost,GOOG,xgb,2,FS_2,0.3274,0.3727,0.3274,0.3409,"19    47    33
41    39    27
61    56    71"
logistic_regression,META,lr,2,FS_2,0.3695,0.4467,0.3695,0.37,"20    63    53
3    42    30
24    100    98"
random_forest,META,rf,2,FS_2,0.3858,0.4215,0.3858,0.3953,"33    35    52
13    28    26
54    62    91"
xgboost,META,xgb,2,FS_2,0.3655,0.4165,0.3655,0.3782,"33    40    47
20    29    18
65    60    82"
logistic_regression,ORCL,lr,2,FS_2,0.4018,0.4145,0.4018,0.4027,"45    36    36
61    55    50
46    30    74"
random_forest,ORCL,rf,2,FS_2,0.368,0.3638,0.368,0.3646,"29    38    37
45    45    56
29    44    71"
xgboost,ORCL,xgb,2,FS_2,0.3452,0.3409,0.3452,0.3418,"29    41    34
40    41    65
33    45    66"
logistic_regression,ADBE,lr,2,FS_2,0.4065,0.4695,0.4065,0.4075,"24    48    52
8    51    20
29    100    101"
random_forest,ADBE,rf,2,FS_2,0.4391,0.4782,0.4391,0.442,"32    30    47
12    48    15
48    69    93"
xgboost,ADBE,xgb,2,FS_2,0.3985,0.4763,0.3985,0.4091,"35    37    37
25    44    6
72    60    78"
logistic_regression,TSLA,lr,2,FS_2,0.4296,0.5591,0.4296,0.4469,"6    51    70
0    15    4
12    110    165"
random_forest,TSLA,rf,2,FS_2,0.5254,0.5214,0.5254,0.5229,"29    0    76
7    0    12
87    5    178"
xgboost,TSLA,xgb,2,FS_2,0.5228,0.5627,0.5228,0.5365,"43    1    61
14    0    5
96    11    163"
logistic_regression,AMD,lr,2,FS_2,0.5035,0.5047,0.5035,0.4975,"60    0    86
22    3    9
92    6    155"
random_forest,AMD,rf,2,FS_2,0.533,0.5398,0.533,0.5355,"65    10    61
12    5    13
75    13    140"
xgboost,AMD,xgb,2,FS_2,0.4289,0.4633,0.4289,0.4404,"58    16    62
7    7    16
100    24    104"
logistic_regression,NVDA,lr,2,FS_2,0.2425,0.4057,0.2425,0.2674,"22    77    37
1    24    13
72    128    59"
random_forest,NVDA,rf,2,FS_2,0.3553,0.4162,0.3553,0.3756,"33    18    62
8    10    19
103    44    97"
xgboost,NVDA,xgb,2,FS_2,0.3629,0.4672,0.3629,0.3907,"40    28    45
13    12    12
102    51    91"
logistic_regression,QQQ,lr,2,FS_2,0.448,0.4793,0.448,0.4118,"22    53    26
12    121    11
25    112    51"
random_forest,QQQ,rf,2,FS_2,0.4239,0.5147,0.4239,0.4169,"54    19    13
44    71    14
96    41    42"
xgboost,QQQ,xgb,2,FS_2,0.4188,0.4933,0.4188,0.4161,"49    18    19
43    71    15
91    43    45"
logistic_regression,MSFT,lr,3,FS_3,0.3741,0.4591,0.3741,0.3688,"66    27    21
57    44    11
76    79    52"
random_forest,MSFT,rf,3,FS_3,0.3858,0.4396,0.3858,0.3819,"58    18    25
42    42    20
91    46    52"
xgboost,MSFT,xgb,3,FS_3,0.368,0.4336,0.368,0.3635,"53    28    20
39    46    19
99    44    46"
logistic_regression,AAPL,lr,3,FS_3,0.2587,0.5017,0.2587,0.2197,"18    80    8
1    66    6
38    188    28"
random_forest,AAPL,rf,3,FS_3,0.2741,0.4405,0.2741,0.2658,"52    16    18
47    15    9
134    62    41"
xgboost,AAPL,xgb,3,FS_3,0.2817,0.47,0.2817,0.2693,"57    17    12
48    13    10
144    52    41"
logistic_regression,GOOG,lr,3,FS_3,0.358,0.3945,0.358,0.3443,"22    60    38
22    75    13
61    84    58"
random_forest,GOOG,rf,3,FS_3,0.3959,0.4625,0.3959,0.3986,"28    51    20
26    63    18
41    82    65"
xgboost,GOOG,xgb,3,FS_3,0.3934,0.4424,0.3934,0.4022,"35    41    23
32    49    26
49    68    71"
logistic_regression,META,lr,3,FS_3,0.3164,0.3523,0.3164,0.3228,"37    35    64
21    31    23
73    80    69"
random_forest,META,rf,3,FS_3,0.3959,0.4489,0.3959,0.4078,"38    42    40
17    33    17
77    45    85"
xgboost,META,xgb,3,FS_3,0.4137,0.4635,0.4137,0.4249,"43    38    39
16    33    18
75    45    87"
logistic_regression,ORCL,lr,3,FS_3,0.388,0.3936,0.388,0.3898,"38    44    35
61    60    45
37    43    70"
random_forest,ORCL,rf,3,FS_3,0.3299,0.3309,0.3299,0.3291,"24    40    40
53    41    52
38    41    65"
xgboost,ORCL,xgb,3,FS_3,0.3452,0.3482,0.3452,0.3464,"28    34    42
49    52    45
36    52    56"
logistic_regression,ADBE,lr,3,FS_3,0.4134,0.4657,0.4134,0.4138,"24    46    54
10    50    19
32    93    105"
random_forest,ADBE,rf,3,FS_3,0.4442,0.4928,0.4442,0.4501,"31    33    45
16    47    12
40    73    97"
xgboost,ADBE,xgb,3,FS_3,0.4112,0.4558,0.4112,0.4237,"37    26    46
27    32    16
58    59    93"
logistic_regression,TSLA,lr,3,FS_3,0.4965,0.586,0.4965,0.4949,"6    50    71
0    15    4
11    82    194"
random_forest,TSLA,rf,3,FS_3,0.6193,0.5881,0.6193,0.6003,"27    4    74
3    3    13
52    4    214"
xgboost,TSLA,xgb,3,FS_3,0.5609,0.5771,0.5609,0.5675,"37    6    62
5    3    11
85    4    181"
logistic_regression,AMD,lr,3,FS_3,0.4688,0.4845,0.4688,0.4681,"68    1    77
19    3    12
114    7    132"
random_forest,AMD,rf,3,FS_3,0.4746,0.4813,0.4746,0.4691,"59    1    76
14    2    14
99    3    126"
xgboost,AMD,xgb,3,FS_3,0.4264,0.4651,0.4264,0.4333,"68    11    57
14    4    12
116    16    96"
logistic_regression,NVDA,lr,3,FS_3,0.291,0.4334,0.291,0.3201,"31    65    40
3    21    14
92    93    74"
random_forest,NVDA,rf,3,FS_3,0.3934,0.4499,0.3934,0.4157,"32    22    59
11    7    19
88    40    116"
xgboost,NVDA,xgb,3,FS_3,0.3782,0.4503,0.3782,0.4041,"34    28    51
10    7    20
101    35    108"
logistic_regression,QQQ,lr,3,FS_3,0.4411,0.4764,0.4411,0.4049,"28    50    23
16    119    9
35    109    44"
random_forest,QQQ,rf,3,FS_3,0.4264,0.4807,0.4264,0.4208,"45    24    17
34    75    20
78    53    48"
xgboost,QQQ,xgb,3,FS_3,0.4112,0.4422,0.4112,0.3968,"42    23    21
27    80    22
80    59    40"
logistic_regression,MSFT,lr,4,FS_4,0.3718,0.48,0.3718,0.3662,"69    31    14
60    41    11
86    70    51"
random_forest,MSFT,rf,4,FS_4,0.3832,0.4329,0.3832,0.3856,"51    20    30
39    43    22
92    40    57"
xgboost,MSFT,xgb,4,FS_4,0.4239,0.4576,0.4239,0.4236,"59    17    25
33    40    31
78    43    68"
logistic_regression,AAPL,lr,4,FS_4,0.2818,0.6406,0.2818,0.2305,"31    74    1
2    69    2
53    179    22"
random_forest,AAPL,rf,4,FS_4,0.3401,0.5043,0.3401,0.3378,"55    14    17
36    25    10
130    53    54"
xgboost,AAPL,xgb,4,FS_4,0.3579,0.4941,0.3579,0.3646,"53    12    21
34    22    15
127    44    66"
logistic_regression,GOOG,lr,4,FS_4,0.3926,0.4277,0.3926,0.3723,"19    63    38
13    83    14
38    97    68"
random_forest,GOOG,rf,4,FS_4,0.3756,0.4455,0.3756,0.3785,"27    48    24
33    61    13
49    79    60"
xgboost,GOOG,xgb,4,FS_4,0.3706,0.4076,0.3706,0.3761,"24    44    31
29    52    26
51    67    70"
logistic_regression,META,lr,4,FS_4,0.3441,0.3998,0.3441,0.3459,"22    59    55
9    42    24
40    97    85"
random_forest,META,rf,4,FS_4,0.3883,0.4237,0.3883,0.3997,"33    37    50
16    24    27
54    57    96"
xgboost,META,xgb,4,FS_4,0.3629,0.4066,0.3629,0.3778,"33    39    48
20    21    26
59    59    89"
logistic_regression,ORCL,lr,4,FS_4,0.3857,0.3886,0.3857,0.3838,"46    35    36
67    49    50
33    45    72"
random_forest,ORCL,rf,4,FS_4,0.368,0.3598,0.368,0.3596,"26    36    42
39    42    65
28    39    77"
xgboost,ORCL,xgb,4,FS_4,0.3807,0.3781,0.3807,0.3769,"32    37    35
44    44    58
34    36    74"
logistic_regression,ADBE,lr,4,FS_4,0.4018,0.471,0.4018,0.4063,"24    51    49
11    49    19
28    101    101"
random_forest,ADBE,rf,4,FS_4,0.4442,0.4912,0.4442,0.4503,"32    30    47
17    46    12
38    75    97"
xgboost,ADBE,xgb,4,FS_4,0.4416,0.4892,0.4416,0.449,"37    28    44
19    45    11
54    64    92"
logistic_regression,TSLA,lr,4,FS_4,0.4249,0.5614,0.4249,0.4453,"7    50    70
0    15    4
13    112    162"
random_forest,TSLA,rf,4,FS_4,0.5863,0.5604,0.5863,0.5719,"28    2    75
4    1    14
62    6    202"
xgboost,TSLA,xgb,4,FS_4,0.5228,0.5393,0.5228,0.5285,"35    1    69
6    1    12
94    6    170"
logistic_regression,AMD,lr,4,FS_4,0.4942,0.5009,0.4942,0.4899,"71    0    75
20    2    12
105    7    141"
random_forest,AMD,rf,4,FS_4,0.4898,0.4866,0.4898,0.4854,"51    6    79
7    5    18
88    3    137"
xgboost,AMD,xgb,4,FS_4,0.434,0.4366,0.434,0.435,"46    10    80
6    4    20
95    12    121"
logistic_regression,NVDA,lr,4,FS_4,0.2448,0.4181,0.2448,0.2713,"25    76    35
1    24    13
67    135    57"
random_forest,NVDA,rf,4,FS_4,0.4036,0.4466,0.4036,0.4208,"32    14    67
8    9    20
77    49    118"
xgboost,NVDA,xgb,4,FS_4,0.368,0.4159,0.368,0.3867,"26    18    69
9    9    19
89    45    110"
logistic_regression,QQQ,lr,4,FS_4,0.4342,0.4617,0.4342,0.3969,"23    52    26
15    119    10
31    111    46"
random_forest,QQQ,rf,4,FS_4,0.4239,0.4687,0.4239,0.4151,"46    20    20
31    77    21
85    50    44"
xgboost,QQQ,xgb,4,FS_4,0.4061,0.4426,0.4061,0.3914,"48    22    16
29    74    26
89    52    38"
logistic_regression,MSFT,lr,5,FS_5,0.4365,0.505,0.4365,0.4338,"79    15    20
52    37    23
103    31    73"
random_forest,MSFT,rf,5,FS_5,0.4036,0.4676,0.4036,0.3845,"74    4    23
58    15    31
104    15    70"
xgboost,MSFT,xgb,5,FS_5,0.3655,0.4677,0.3655,0.3497,"73    6    22
81    13    10
111    20    58"
logistic_regression,AAPL,lr,5,FS_5,0.2679,0.3707,0.2679,0.204,"49    39    18
21    52    0
127    112    15"
random_forest,AAPL,rf,5,FS_5,0.2944,0.4054,0.2944,0.2311,"79    0    7
52    0    19
200    0    37"
xgboost,AAPL,xgb,5,FS_5,0.2868,0.3648,0.2868,0.2256,"76    0    10
47    0    24
200    0    37"
logistic_regression,GOOG,lr,5,FS_5,0.418,0.4601,0.418,0.4127,"62    10    48
65    18    27
89    13    101"
random_forest,GOOG,rf,5,FS_5,0.3122,0.3755,0.3122,0.2499,"83    0    16
102    0    5
148    0    40"
xgboost,GOOG,xgb,5,FS_5,0.3147,0.4998,0.3147,0.2564,"82    0    17
99    1    7
146    1    41"
logistic_regression,META,lr,5,FS_5,0.2309,0.4607,0.2309,0.1707,"6    124    6
1    71    3
25    174    23"
random_forest,META,rf,5,FS_5,0.3655,0.3705,0.3655,0.3452,"66    3    51
44    1    22
122    8    77"
xgboost,META,xgb,5,FS_5,0.3706,0.4163,0.3706,0.3495,"79    6    35
45    5    17
133    12    62"
logistic_regression,ORCL,lr,5,FS_5,0.4088,0.424,0.4088,0.399,"55    24    38
62    41    63
46    23    81"
random_forest,ORCL,rf,5,FS_5,0.2944,0.5297,0.2944,0.1967,"97    5    2
137    7    2
130    2    12"
xgboost,ORCL,xgb,5,FS_5,0.3198,0.6596,0.3198,0.234,"93    0    11
134    1    11
112    0    32"
logistic_regression,ADBE,lr,5,FS_5,0.4758,0.4804,0.4758,0.472,"43    4    77
29    22    28
70    19    141"
random_forest,ADBE,rf,5,FS_5,0.3706,0.4304,0.3706,0.3373,"80    0    29
71    0    4
144    0    66"
xgboost,ADBE,xgb,5,FS_5,0.3706,0.4349,0.3706,0.3349,"82    0    27
71    0    4
146    0    64"
logistic_regression,TSLA,lr,5,FS_5,0.2656,0.5459,0.2656,0.2357,"73    41    13
7    12    0
191    66    30"
random_forest,TSLA,rf,5,FS_5,0.3046,0.5339,0.3046,0.2235,"95    1    9
15    1    3
232    14    24"
xgboost,TSLA,xgb,5,FS_5,0.2792,0.4999,0.2792,0.1738,"96    1    8
18    1    0
250    7    13"
logistic_regression,AMD,lr,5,FS_5,0.5404,0.4792,0.5404,0.504,"45    0    101
10    0    24
64    0    189"
random_forest,AMD,rf,5,FS_5,0.5457,0.4338,0.5457,0.4466,"9    4    123
5    0    25
18    4    206"
xgboost,AMD,xgb,5,FS_5,0.5838,0.5352,0.5838,0.4446,"4    0    132
1    0    29
2    0    226"
logistic_regression,NVDA,lr,5,FS_5,0.3603,0.4512,0.3603,0.3333,"94    4    38
35    0    3
195    2    62"
random_forest,NVDA,rf,5,FS_5,0.434,0.5139,0.434,0.4255,"81    2    30
24    0    13
140    14    90"
xgboost,NVDA,xgb,5,FS_5,0.4112,0.513,0.4112,0.3991,"83    3    27
27    0    10
151    14    79"
logistic_regression,QQQ,lr,5,FS_5,0.321,0.4857,0.321,0.3203,"65    9    27
93    41    10
146    9    33"
random_forest,QQQ,rf,5,FS_5,0.3223,0.5706,0.3223,0.267,"61    23    2
70    59    0
139    33    7"
xgboost,QQQ,xgb,5,FS_5,0.236,0.4944,0.236,0.166,"72    8    6
120    9    0
164    3    12"
logistic_regression,MSFT,lr,6,FS_6,0.3279,0.4451,0.3279,0.2658,"90    15    9
72    37    3
152    40    15"
random_forest,MSFT,rf,6,FS_6,0.4213,0.4266,0.4213,0.399,"35    8    58
41    13    50
61    10    118"
xgboost,MSFT,xgb,6,FS_6,0.4036,0.3777,0.4036,0.3669,"28    8    65
42    7    55
56    9    124"
logistic_regression,AAPL,lr,6,FS_6,0.2471,0.3577,0.2471,0.2012,"64    19    23
47    26    0
208    29    17"
random_forest,AAPL,rf,6,FS_6,0.2716,0.3333,0.2716,0.2057,"75    0    11
46    0    25
205    0    32"
xgboost,AAPL,xgb,6,FS_6,0.3325,0.401,0.3325,0.2976,"69    0    17
43    0    28
175    0    62"
logistic_regression,GOOG,lr,6,FS_6,0.4065,0.4108,0.4065,0.3995,"51    14    55
30    23    57
79    22    102"
random_forest,GOOG,rf,6,FS_6,0.302,0.353,0.302,0.227,"87    4    8
94    0    13
156    0    32"
xgboost,GOOG,xgb,6,FS_6,0.2817,0.3438,0.2817,0.2103,"82    3    14
93    1    13
157    3    28"
logistic_regression,META,lr,6,FS_6,0.3603,0.5391,0.3603,0.3483,"60    62    14
24    51    0
103    74    45"
random_forest,META,rf,6,FS_6,0.4112,0.4223,0.4112,0.3716,"90    0    30
52    0    15
135    0    72"
xgboost,META,xgb,6,FS_6,0.4112,0.4485,0.4112,0.3912,"77    4    39
52    2    13
119    5    83"
logistic_regression,ORCL,lr,6,FS_6,0.3926,0.4078,0.3926,0.3601,"14    27    76
42    43    81
32    5    113"
random_forest,ORCL,rf,6,FS_6,0.3173,0.4221,0.3173,0.3099,"59    21    24
90    26    30
104    0    40"
xgboost,ORCL,xgb,6,FS_6,0.3756,0.4471,0.3756,0.3219,"30    7    67
53    13    80
38    1    105"
logistic_regression,ADBE,lr,6,FS_6,0.4827,0.4229,0.4827,0.4325,"11    8    105
17    23    39
16    39    175"
random_forest,ADBE,rf,6,FS_6,0.4797,0.3592,0.4797,0.4017,"20    2    87
12    0    63
40    1    169"
xgboost,ADBE,xgb,6,FS_6,0.4721,0.4323,0.4721,0.4351,"27    9    73
28    6    41
52    5    153"
logistic_regression,TSLA,lr,6,FS_6,0.3095,0.4641,0.3095,0.2907,"78    16    33
8    8    3
201    38    48"
random_forest,TSLA,rf,6,FS_6,0.3706,0.5529,0.3706,0.3546,"80    0    25
16    0    3
201    3    66"
xgboost,TSLA,xgb,6,FS_6,0.3223,0.4845,0.3223,0.2777,"84    0    21
12    0    7
226    1    43"
logistic_regression,AMD,lr,6,FS_6,0.5635,0.4633,0.5635,0.4779,"18    0    128
7    0    27
27    0    226"
random_forest,AMD,rf,6,FS_6,0.5457,0.4587,0.5457,0.4684,"19    1    116
1    0    29
32    0    196"
xgboost,AMD,xgb,6,FS_6,0.5635,0.4731,0.5635,0.4839,"20    0    116
7    0    23
26    0    202"
logistic_regression,NVDA,lr,6,FS_6,0.3672,0.471,0.3672,0.3279,"103    2    31
36    0    2
203    0    56"
random_forest,NVDA,rf,6,FS_6,0.4695,0.5995,0.4695,0.4663,"69    0    44
24    1    12
129    0    115"
xgboost,NVDA,xgb,6,FS_6,0.4695,0.5086,0.4695,0.4632,"70    0    43
25    0    12
129    0    115"
logistic_regression,QQQ,lr,6,FS_6,0.3095,0.6016,0.3095,0.2602,"89    3    9
115    29    0
168    4    16"
random_forest,QQQ,rf,6,FS_6,0.264,0.5571,0.264,0.1973,"77    2    7
114    11    4
161    2    16"
xgboost,QQQ,xgb,6,FS_6,0.2893,0.4891,0.2893,0.2713,"57    2    27
91    13    25
132    3    44"
logistic_regression,MSFT,lr,7,FS_7,0.3256,0.3953,0.3256,0.2684,"94    4    16
106    0    6
155    5    47"
random_forest,MSFT,rf,7,FS_7,0.3395,0.3758,0.3395,0.3205,"64    40    10
29    46    37
123    45    36"
xgboost,MSFT,xgb,7,FS_7,0.3279,0.3727,0.3279,0.2971,"49    59    6
19    65    28
88    89    27"
logistic_regression,AAPL,lr,7,FS_7,0.3603,0.5214,0.3603,0.3481,"15    55    36
2    69    2
21    161    72"
random_forest,AAPL,rf,7,FS_7,0.3465,0.4284,0.3465,0.3641,"35    33    38
17    29    27
84    82    85"
xgboost,AAPL,xgb,7,FS_7,0.3698,0.4378,0.3698,0.38,"53    17    36
24    19    30
113    51    87"
logistic_regression,GOOG,lr,7,FS_7,0.3926,0.4485,0.3926,0.3814,"73    13    34
50    50    10
114    42    47"
random_forest,GOOG,rf,7,FS_7,0.393,0.425,0.393,0.3745,"74    8    38
64    12    34
103    14    83"
xgboost,GOOG,xgb,7,FS_7,0.3884,0.4338,0.3884,0.3701,"83    16    21
70    13    27
109    20    71"
logistic_regression,META,lr,7,FS_7,0.321,0.442,0.321,0.3206,"30    81    25
10    53    12
59    107    56"
random_forest,META,rf,7,FS_7,0.3674,0.3845,0.3674,0.3738,"37    35    64
18    23    33
76    46    98"
xgboost,META,xgb,7,FS_7,0.3907,0.3946,0.3907,0.3916,"36    32    68
16    18    40
64    42    114"
logistic_regression,ORCL,lr,7,FS_7,0.3764,0.3976,0.3764,0.3505,"36    67    14
50    105    11
64    64    22"
random_forest,ORCL,rf,7,FS_7,0.4465,0.4408,0.4465,0.439,"30    64    23
25    100    38
47    41    62"
xgboost,ORCL,xgb,7,FS_7,0.4047,0.3947,0.4047,0.3608,"25    73    19
26    124    13
39    86    25"
logistic_regression,ADBE,lr,7,FS_7,0.4319,0.4627,0.4319,0.433,"39    30    55
10    51    18
67    66    97"
random_forest,ADBE,rf,7,FS_7,0.3581,0.4675,0.3581,0.3443,"78    20    26
47    27    4
126    53    49"
xgboost,ADBE,xgb,7,FS_7,0.3581,0.4633,0.3581,0.3274,"81    19    24
40    36    2
143    48    37"
logistic_regression,TSLA,lr,7,FS_7,0.3441,0.4596,0.3441,0.391,"31    27    69
3    1    15
90    80    117"
random_forest,TSLA,rf,7,FS_7,0.4256,0.4876,0.4256,0.4324,"66    0    60
5    0    14
166    2    117"
xgboost,TSLA,xgb,7,FS_7,0.4442,0.5025,0.4442,0.4513,"67    0    59
5    0    14
158    3    124"
logistic_regression,AMD,lr,7,FS_7,0.5982,0.5503,0.5982,0.5114,"22    3    121
2    0    32
14    2    237"
random_forest,AMD,rf,7,FS_7,0.486,0.4874,0.486,0.4716,"27    23    96
8    2    22
35    37    180"
xgboost,AMD,xgb,7,FS_7,0.5302,0.5225,0.5302,0.5197,"44    16    86
10    1    21
45    24    183"
logistic_regression,NVDA,lr,7,FS_7,0.4018,0.4764,0.4018,0.4272,"55    26    55
22    3    13
104    39    116"
random_forest,NVDA,rf,7,FS_7,0.4326,0.4725,0.4326,0.4381,"64    10    61
25    1    11
132    5    121"
xgboost,NVDA,xgb,7,FS_7,0.414,0.5074,0.414,0.4203,"81    15    39
29    1    7
147    15    96"
logistic_regression,QQQ,lr,7,FS_7,0.3995,0.4821,0.3995,0.3918,"53    22    26
53    86    5
119    35    34"
random_forest,QQQ,rf,7,FS_7,0.3977,0.4958,0.3977,0.417,"50    12    39
72    57    14
99    23    64"
xgboost,QQQ,xgb,7,FS_7,0.3465,0.4969,0.3465,0.349,"64    10    27
94    30    19
123    8    55"
logistic_regression,MSFT,lr,8,FS_8,0.4273,0.4632,0.4273,0.4304,"29    56    29
20    63    29
43    71    93"
random_forest,MSFT,rf,8,FS_8,0.4315,0.4588,0.4315,0.4279,"63    12    26
33    40    31
72    50    67"
xgboost,MSFT,xgb,8,FS_8,0.4061,0.4368,0.4061,0.3987,"65    16    20
33    36    35
84    46    59"
logistic_regression,AAPL,lr,8,FS_8,0.3788,0.4946,0.3788,0.381,"29    45    32
2    57    14
55    121    78"
random_forest,AAPL,rf,8,FS_8,0.4112,0.4884,0.4112,0.434,"32    9    45
28    19    24
109    17    111"
xgboost,AAPL,xgb,8,FS_8,0.3528,0.4772,0.3528,0.3719,"44    12    30
36    18    17
135    25    77"
logistic_regression,GOOG,lr,8,FS_8,0.3926,0.3814,0.3926,0.3857,"24    25    71
22    41    47
50    48    105"
random_forest,GOOG,rf,8,FS_8,0.4467,0.4887,0.4467,0.4513,"52    8    39
46    32    29
73    23    92"
xgboost,GOOG,xgb,8,FS_8,0.4036,0.4471,0.4036,0.4069,"54    8    37
51    31    25
79    35    74"
logistic_regression,META,lr,8,FS_8,0.3649,0.4013,0.3649,0.3673,"24    52    60
13    38    24
48    78    96"
random_forest,META,rf,8,FS_8,0.4569,0.4689,0.4569,0.46,"57    17    46
17    19    31
76    27    104"
xgboost,META,xgb,8,FS_8,0.4112,0.4321,0.4112,0.4149,"55    13    52
21    19    27
94    25    88"
logistic_regression,ORCL,lr,8,FS_8,0.4388,0.4762,0.4388,0.445,"53    31    33
74    59    33
54    18    78"
random_forest,ORCL,rf,8,FS_8,0.4086,0.3972,0.4086,0.3971,"27    37    40
39    46    61
23    33    88"
xgboost,ORCL,xgb,8,FS_8,0.368,0.3582,0.368,0.3577,"25    37    42
36    41    69
28    37    79"
logistic_regression,ADBE,lr,8,FS_8,0.5358,0.537,0.5358,0.5199,"31    17    76
5    45    29
25    49    156"
random_forest,ADBE,rf,8,FS_8,0.4873,0.4872,0.4873,0.4869,"31    11    67
31    32    12
40    41    129"
xgboost,ADBE,xgb,8,FS_8,0.5102,0.5054,0.5102,0.5062,"31    15    63
25    34    16
33    41    136"
logistic_regression,TSLA,lr,8,FS_8,0.2217,0.5188,0.2217,0.2734,"23    74    30
4    15    0
58    171    58"
random_forest,TSLA,rf,8,FS_8,0.3782,0.503,0.3782,0.3782,"67    0    38
10    0    9
188    0    82"
xgboost,TSLA,xgb,8,FS_8,0.3858,0.5091,0.3858,0.3829,"70    0    35
8    0    11
188    0    82"
logistic_regression,AMD,lr,8,FS_8,0.4965,0.4862,0.4965,0.4894,"52    5    89
20    3    11
86    7    160"
random_forest,AMD,rf,8,FS_8,0.4695,0.4883,0.4695,0.4706,"68    5    63
19    2    9
105    8    115"
xgboost,AMD,xgb,8,FS_8,0.4695,0.4846,0.4695,0.4693,"69    3    64
17    2    11
104    10    114"
logistic_regression,NVDA,lr,8,FS_8,0.4619,0.5866,0.4619,0.454,"10    59    67
0    22    16
8    83    168"
random_forest,NVDA,rf,8,FS_8,0.4264,0.4998,0.4264,0.4231,"72    5    36
21    1    15
146    3    95"
xgboost,NVDA,xgb,8,FS_8,0.4239,0.5211,0.4239,0.4267,"73    8    32
17    6    14
149    7    88"
logistic_regression,QQQ,lr,8,FS_8,0.4042,0.4771,0.4042,0.4123,"50    12    39
49    81    14
118    26    44"
random_forest,QQQ,rf,8,FS_8,0.3959,0.4845,0.3959,0.4011,"52    13    21
57    54    18
94    35    50"
xgboost,QQQ,xgb,8,FS_8,0.4061,0.5107,0.4061,0.4158,"53    11    22
60    54    15
97    29    53"
logistic_regression,MSFT,lr,9,FS_9,0.4457,0.4474,0.4457,0.4458,"41    20    53
11    57    44
63    49    95"
random_forest,MSFT,rf,9,FS_9,0.3163,0.3748,0.3163,0.3118,"49    54    11
34    44    34
99    62    43"
xgboost,MSFT,xgb,9,FS_9,0.3488,0.3828,0.3488,0.3499,"52    44    18
27    39    46
91    54    59"
logistic_regression,AAPL,lr,9,FS_9,0.3926,0.5214,0.3926,0.3908,"18    44    44
1    62    10
20    144    90"
random_forest,AAPL,rf,9,FS_9,0.3209,0.4974,0.3209,0.3052,"67    0    39
51    3    19
182    1    68"
xgboost,AAPL,xgb,9,FS_9,0.3419,0.3826,0.3419,0.3312,"57    1    48
52    0    21
160    1    90"
logistic_regression,GOOG,lr,9,FS_9,0.3626,0.4024,0.3626,0.3689,"49    22    49
49    43    18
95    43    65"
random_forest,GOOG,rf,9,FS_9,0.3791,0.4817,0.3791,0.3301,"96    1    23
94    2    14
133    2    65"
xgboost,GOOG,xgb,9,FS_9,0.3372,0.4562,0.3372,0.2932,"92    5    23
93    6    11
150    3    47"
logistic_regression,META,lr,9,FS_9,0.3164,0.4727,0.3164,0.3058,"32    85    19
12    59    4
67    109    46"
random_forest,META,rf,9,FS_9,0.4512,0.4015,0.4512,0.417,"33    12    91
27    5    42
40    24    156"
xgboost,META,xgb,9,FS_9,0.4395,0.4026,0.4395,0.4165,"43    12    81
23    5    46
55    24    141"
logistic_regression,ORCL,lr,9,FS_9,0.3811,0.3937,0.3811,0.348,"31    71    15
43    114    9
69    61    20"
random_forest,ORCL,rf,9,FS_9,0.4372,0.4109,0.4372,0.4114,"14    73    30
15    96    52
22    50    78"
xgboost,ORCL,xgb,9,FS_9,0.4163,0.3575,0.4163,0.3652,"3    83    31
7    104    52
10    68    72"
logistic_regression,ADBE,lr,9,FS_9,0.4988,0.4763,0.4988,0.4827,"31    10    83
19    27    33
42    30    158"
random_forest,ADBE,rf,9,FS_9,0.3744,0.5423,0.3744,0.3399,"99    12    13
53    21    4
172    15    41"
xgboost,ADBE,xgb,9,FS_9,0.3581,0.5129,0.3581,0.304,"106    3    15
66    5    7
181    4    43"
logistic_regression,TSLA,lr,9,FS_9,0.3349,0.5607,0.3349,0.3861,"53    36    38
4    12    3
73    134    80"
random_forest,TSLA,rf,9,FS_9,0.3488,0.4978,0.3488,0.3378,"82    7    37
12    5    2
211    11    63"
xgboost,TSLA,xgb,9,FS_9,0.3302,0.4818,0.3302,0.3232,"78    15    33
9    3    7
207    17    61"
logistic_regression,AMD,lr,9,FS_9,0.3857,0.4254,0.3857,0.3466,"107    0    39
21    0    13
193    0    60"
random_forest,AMD,rf,9,FS_9,0.4442,0.552,0.4442,0.4072,"122    0    24
26    1    5
180    4    68"
xgboost,AMD,xgb,9,FS_9,0.4,0.642,0.4,0.3085,"140    2    4
29    2    1
217    5    30"
logistic_regression,NVDA,lr,9,FS_9,0.4296,0.467,0.4296,0.4165,"86    0    50
25    0    13
159    0    100"
random_forest,NVDA,rf,9,FS_9,0.414,0.4647,0.414,0.4076,"79    5    51
19    1    17
160    0    98"
xgboost,NVDA,xgb,9,FS_9,0.4163,0.4993,0.4163,0.42,"80    10    45
19    8    10
161    6    91"
logistic_regression,QQQ,lr,9,FS_9,0.3649,0.4373,0.3649,0.3893,"27    22    52
57    69    18
102    24    62"
random_forest,QQQ,rf,9,FS_9,0.3326,0.478,0.3326,0.3027,"69    23    9
88    52    3
114    50    22"
xgboost,QQQ,xgb,9,FS_9,0.293,0.3632,0.293,0.2464,"75    21    5
93    35    15
120    50    16"
logistic_regression,MSFT,lr,10,FS_10,0.4226,0.4529,0.4226,0.4275,"44    36    34
26    57    29
72    53    82"
random_forest,MSFT,rf,10,FS_10,0.4465,0.4493,0.4465,0.4434,"30    42    42
9    57    46
46    53    105"
xgboost,MSFT,xgb,10,FS_10,0.3907,0.3959,0.3907,0.3739,"11    63    40
6    60    46
26    81    97"
logistic_regression,AAPL,lr,10,FS_10,0.455,0.5237,0.455,0.4285,"4    41    61
1    51    21
4    108    142"
random_forest,AAPL,rf,10,FS_10,0.3442,0.4396,0.3442,0.3412,"39    28    39
17    47    9
97    92    62"
xgboost,AAPL,xgb,10,FS_10,0.3488,0.4386,0.3488,0.3532,"43    29    34
14    39    20
90    93    68"
logistic_regression,GOOG,lr,10,FS_10,0.4411,0.4481,0.4411,0.4423,"44    19    57
40    36    34
61    31    111"
random_forest,GOOG,rf,10,FS_10,0.3698,0.3598,0.3698,0.3574,"50    23    47
30    14    66
85    20    95"
xgboost,GOOG,xgb,10,FS_10,0.3791,0.3752,0.3791,0.3723,"48    25    47
31    19    60
79    25    96"
logistic_regression,META,lr,10,FS_10,0.4319,0.4859,0.4319,0.4333,"28    64    44
5    49    21
42    70    110"
random_forest,META,rf,10,FS_10,0.414,0.4514,0.414,0.4199,"66    26    44
27    25    22
108    25    87"
xgboost,META,xgb,10,FS_10,0.4349,0.4518,0.4349,0.4413,"53    28    55
27    22    25
79    29    112"
logistic_regression,ORCL,lr,10,FS_10,0.4226,0.45,0.4226,0.414,"27    26    64
34    59    73
42    11    97"
random_forest,ORCL,rf,10,FS_10,0.3535,0.3675,0.3535,0.3505,"49    27    41
72    40    51
52    35    63"
xgboost,ORCL,xgb,10,FS_10,0.3302,0.3499,0.3302,0.3194,"62    27    28
96    29    38
65    34    51"
logistic_regression,ADBE,lr,10,FS_10,0.5219,0.525,0.5219,0.5159,"36    20    68
13    45    21
33    52    145"
random_forest,ADBE,rf,10,FS_10,0.486,0.4533,0.486,0.4483,"14    20    90
15    29    34
13    49    166"
xgboost,ADBE,xgb,10,FS_10,0.5047,0.4556,0.5047,0.4613,"15    21    88
17    24    37
17    33    178"
logistic_regression,TSLA,lr,10,FS_10,0.3118,0.4514,0.3118,0.3458,"53    16    58
14    0    5
136    69    82"
random_forest,TSLA,rf,10,FS_10,0.5767,0.5165,0.5767,0.5414,"24    1    101
6    0    13
61    0    224"
xgboost,TSLA,xgb,10,FS_10,0.5163,0.5238,0.5163,0.5199,"31    10    85
11    1    7
78    17    190"
logistic_regression,AMD,lr,10,FS_10,0.4665,0.4638,0.4665,0.4649,"45    9    92
12    5    17
77    24    152"
random_forest,AMD,rf,10,FS_10,0.5023,0.5246,0.5023,0.5104,"73    15    58
7    4    21
93    20    139"
xgboost,AMD,xgb,10,FS_10,0.5302,0.5161,0.5302,0.521,"49    13    84
6    5    21
65    13    174"
logistic_regression,NVDA,lr,10,FS_10,0.418,0.4896,0.418,0.4359,"25    44    67
4    19    15
47    75    137"
random_forest,NVDA,rf,10,FS_10,0.5233,0.5389,0.5233,0.5138,"30    17    88
8    10    19
26    47    185"
xgboost,NVDA,xgb,10,FS_10,0.507,0.5283,0.507,0.5064,"29    31    75
8    11    18
37    43    178"
logistic_regression,QQQ,lr,10,FS_10,0.4665,0.4972,0.4665,0.4711,"33    24    44
35    98    11
75    42    71"
random_forest,QQQ,rf,10,FS_10,0.4651,0.4575,0.4651,0.45,"22    36    43
15    105    23
48    65    73"
xgboost,QQQ,xgb,10,FS_10,0.4442,0.4608,0.4442,0.4266,"35    29    37
24    110    9
83    57    46"
logistic_regression,MSFT,lr,11,FS_11,0.4342,0.4116,0.4342,0.416,"16    29    69
8    58    46
38    55    114"
random_forest,MSFT,rf,11,FS_11,0.4233,0.481,0.4233,0.4276,"66    24    24
50    40    22
87    41    76"
xgboost,MSFT,xgb,11,FS_11,0.3233,0.4525,0.3233,0.3018,"73    31    10
72    32    8
104    66    34"
logistic_regression,AAPL,lr,11,FS_11,0.4134,0.4152,0.4134,0.3785,"0    50    56
0    62    11
1    136    117"
random_forest,AAPL,rf,11,FS_11,0.4419,0.4581,0.4419,0.4444,"44    7    55
24    12    37
88    29    134"
xgboost,AAPL,xgb,11,FS_11,0.4419,0.4534,0.4419,0.4291,"45    2    59
28    4    41
102    8    141"
logistic_regression,GOOG,lr,11,FS_11,0.4411,0.4503,0.4411,0.445,"40    27    53
39    44    27
53    43    107"
random_forest,GOOG,rf,11,FS_11,0.3279,0.3819,0.3279,0.2761,"93    6    21
97    2    11
145    9    46"
xgboost,GOOG,xgb,11,FS_11,0.3535,0.4761,0.3535,0.2966,"105    5    10
98    6    6
143    16    41"
logistic_regression,META,lr,11,FS_11,0.3025,0.5859,0.3025,0.2623,"2    119    15
0    73    2
2    164    56"
random_forest,META,rf,11,FS_11,0.3419,0.4322,0.3419,0.2921,"104    17    15
54    12    8
158    31    31"
xgboost,META,xgb,11,FS_11,0.4023,0.4948,0.4023,0.3716,"107    8    21
58    9    7
143    20    57"
logistic_regression,ORCL,lr,11,FS_11,0.4203,0.439,0.4203,0.4211,"48    42    27
55    87    24
59    44    47"
random_forest,ORCL,rf,11,FS_11,0.3698,0.381,0.3698,0.3579,"55    23    39
75    32    56
51    27    72"
xgboost,ORCL,xgb,11,FS_11,0.3349,0.4473,0.3349,0.2482,"110    1    6
139    7    17
116    7    27"
logistic_regression,ADBE,lr,11,FS_11,0.5219,0.499,0.5219,0.4844,"17    13    94
1    44    34
23    42    165"
random_forest,ADBE,rf,11,FS_11,0.4465,0.4402,0.4465,0.4405,"31    12    81
39    18    21
64    21    143"
xgboost,ADBE,xgb,11,FS_11,0.4395,0.4848,0.4395,0.4269,"74    4    46
61    4    13
111    6    111"
logistic_regression,TSLA,lr,11,FS_11,0.2933,0.6462,0.2933,0.2224,"104    19    4
15    4    0
196    72    19"
random_forest,TSLA,rf,11,FS_11,0.4233,0.4743,0.4233,0.4406,"41    5    80
13    0    6
138    6    141"
xgboost,TSLA,xgb,11,FS_11,0.4907,0.513,0.4907,0.4976,"47    1    78
11    0    8
118    3    164"
logistic_regression,AMD,lr,11,FS_11,0.5797,0.3403,0.5797,0.4288,"0    0    146
0    0    34
2    0    251"
random_forest,AMD,rf,11,FS_11,0.5256,0.5006,0.5256,0.5076,"54    2    90
15    1    16
79    2    171"
xgboost,AMD,xgb,11,FS_11,0.4233,0.5032,0.4233,0.3974,"109    1    36
22    2    8
177    4    71"
logistic_regression,NVDA,lr,11,FS_11,0.5404,0.4844,0.5404,0.5104,"46    0    90
18    0    20
71    0    188"
random_forest,NVDA,rf,11,FS_11,0.393,0.4654,0.393,0.376,"91    3    41
29    0    8
175    5    78"
xgboost,NVDA,xgb,11,FS_11,0.3698,0.4719,0.3698,0.3412,"99    7    29
28    1    8
188    11    59"
logistic_regression,QQQ,lr,11,FS_11,0.3649,0.4733,0.3649,0.3921,"39    13    49
77    53    14
104    18    66"
random_forest,QQQ,rf,11,FS_11,0.3651,0.4688,0.3651,0.3721,"59    18    24
89    43    11
95    36    55"
xgboost,QQQ,xgb,11,FS_11,0.3349,0.4984,0.3349,0.3158,"73    17    11
100    40    3
118    37    31"
logistic_regression,MSFT,lr,12,FS_12,0.3834,0.4205,0.3834,0.3779,"28    50    36
18    69    25
42    96    69"
random_forest,MSFT,rf,12,FS_12,0.4112,0.4453,0.4112,0.3809,"86    3    12
39    24    41
108    29    52"
xgboost,MSFT,xgb,12,FS_12,0.3832,0.4147,0.3832,0.3504,"80    4    17
52    12    40
109    21    59"
logistic_regression,AAPL,lr,12,FS_12,0.3164,0.4679,0.3164,0.2922,"36    48    22
7    60    6
68    145    41"
random_forest,AAPL,rf,12,FS_12,0.2843,0.4064,0.2843,0.2379,"70    1    15
47    1    23
194    2    41"
xgboost,AAPL,xgb,12,FS_12,0.3071,0.4374,0.3071,0.2686,"70    1    15
47    1    23
185    2    50"
logistic_regression,GOOG,lr,12,FS_12,0.3995,0.4059,0.3995,0.4015,"31    31    58
29    49    32
62    48    93"
random_forest,GOOG,rf,12,FS_12,0.3731,0.3254,0.3731,0.3156,"78    2    19
63    0    44
117    2    69"
xgboost,GOOG,xgb,12,FS_12,0.3756,0.4327,0.3756,0.3432,"77    4    18
57    11    39
116    12    60"
logistic_regression,META,lr,12,FS_12,0.4596,0.4693,0.4596,0.4539,"33    33    70
11    32    32
35    53    134"
random_forest,META,rf,12,FS_12,0.3959,0.4341,0.3959,0.3932,"50    6    64
32    9    26
106    4    97"
xgboost,META,xgb,12,FS_12,0.4162,0.4127,0.4162,0.4041,"52    8    60
30    5    32
91    9    107"
logistic_regression,ORCL,lr,12,FS_12,0.4365,0.3996,0.4365,0.404,"10    47    60
21    82    63
16    37    97"
random_forest,ORCL,rf,12,FS_12,0.2792,0.3479,0.2792,0.2734,"52    33    19
94    32    20
102    16    26"
xgboost,ORCL,xgb,12,FS_12,0.3046,0.3736,0.3046,0.2923,"58    32    14
95    38    13
88    32    24"
logistic_regression,ADBE,lr,12,FS_12,0.4619,0.3832,0.4619,0.4188,"44    2    78
39    0    40
73    1    156"
random_forest,ADBE,rf,12,FS_12,0.3223,0.4026,0.3223,0.3193,"59    12    38
63    5    7
128    19    63"
xgboost,ADBE,xgb,12,FS_12,0.3173,0.3891,0.3173,0.3049,"62    11    36
64    2    9
141    8    61"
logistic_regression,TSLA,lr,12,FS_12,0.3372,0.4816,0.3372,0.3633,"59    20    48
4    7    8
132    75    80"
random_forest,TSLA,rf,12,FS_12,0.3629,0.5,0.3629,0.3434,"78    0    27
7    0    12
205    0    65"
xgboost,TSLA,xgb,12,FS_12,0.3528,0.5015,0.3528,0.3195,"84    0    21
7    0    12
215    0    55"
logistic_regression,AMD,lr,12,FS_12,0.2794,0.5358,0.2794,0.2783,"63    68    15
9    25    0
98    122    33"
random_forest,AMD,rf,12,FS_12,0.4695,0.451,0.4695,0.4579,"47    0    89
15    1    14
84    7    137"
xgboost,AMD,xgb,12,FS_12,0.4543,0.4244,0.4543,0.4388,"42    1    93
14    0    16
86    5    137"
logistic_regression,NVDA,lr,12,FS_12,0.5335,0.5063,0.5335,0.5193,"59    1    76
20    0    18
76    11    172"
random_forest,NVDA,rf,12,FS_12,0.3553,0.5472,0.3553,0.2884,"102    2    9
33    0    4
206    0    38"
xgboost,NVDA,xgb,12,FS_12,0.3731,0.5719,0.3731,0.3295,"96    1    16
34    1    2
193    1    50"
logistic_regression,QQQ,lr,12,FS_12,0.351,0.4359,0.351,0.3464,"58    20    23
60    65    19
139    20    29"
random_forest,QQQ,rf,12,FS_12,0.3477,0.4618,0.3477,0.3354,"45    30    11
52    67    10
122    32    25"
xgboost,QQQ,xgb,12,FS_12,0.3452,0.4984,0.3452,0.3474,"46    29    11
66    56    7
113    32    34"
logistic_regression,MSFT,lr,13,FS_13,0.4388,0.4405,0.4388,0.4374,"30    36    48
22    48    42
39    56    112"
random_forest,MSFT,rf,13,FS_13,0.4036,0.4522,0.4036,0.3712,"83    0    18
46    15    43
111    17    61"
xgboost,MSFT,xgb,13,FS_13,0.3883,0.4197,0.3883,0.3767,"68    14    19
39    26    39
95    35    59"
logistic_regression,AAPL,lr,13,FS_13,0.3395,0.4871,0.3395,0.333,"61    20    25
34    33    6
158    43    53"
random_forest,AAPL,rf,13,FS_13,0.2716,0.5726,0.2716,0.1933,"81    0    5
56    1    14
212    0    25"
xgboost,AAPL,xgb,13,FS_13,0.2995,0.5821,0.2995,0.249,"75    0    11
51    1    19
195    0    42"
logistic_regression,GOOG,lr,13,FS_13,0.3995,0.3343,0.3995,0.3425,"24    14    82
17    5    88
51    8    144"
random_forest,GOOG,rf,13,FS_13,0.3071,0.3483,0.3071,0.2392,"84    0    15
97    0    10
151    0    37"
xgboost,GOOG,xgb,13,FS_13,0.335,0.3763,0.335,0.2858,"77    2    20
85    1    21
130    4    54"
logistic_regression,META,lr,13,FS_13,0.3533,0.4885,0.3533,0.2592,"125    0    11
70    1    4
193    2    27"
random_forest,META,rf,13,FS_13,0.3909,0.3921,0.3909,0.339,"96    0    24
44    0    23
147    2    58"
xgboost,META,xgb,13,FS_13,0.4036,0.4583,0.4036,0.367,"93    4    23
43    3    21
140    4    63"
logistic_regression,ORCL,lr,13,FS_13,0.3926,0.382,0.3926,0.3704,"15    37    65
28    58    80
29    24    97"
random_forest,ORCL,rf,13,FS_13,0.3299,0.4623,0.3299,0.3149,"70    21    13
105    26    15
108    2    34"
xgboost,ORCL,xgb,13,FS_13,0.3503,0.4126,0.3503,0.3398,"65    26    13
97    26    23
77    20    47"
logistic_regression,ADBE,lr,13,FS_13,0.5104,0.4551,0.5104,0.4512,"7    23    94
1    38    40
16    38    176"
random_forest,ADBE,rf,13,FS_13,0.368,0.4293,0.368,0.3396,"77    3    29
70    0    5
141    1    68"
xgboost,ADBE,xgb,13,FS_13,0.3832,0.4302,0.3832,0.3576,"75    2    32
69    0    6
133    1    76"
logistic_regression,TSLA,lr,13,FS_13,0.3603,0.4718,0.3603,0.3799,"64    9    54
9    0    10
159    36    92"
random_forest,TSLA,rf,13,FS_13,0.3426,0.5228,0.3426,0.3006,"87    0    18
12    0    7
222    0    48"
xgboost,TSLA,xgb,13,FS_13,0.302,0.5054,0.302,0.2288,"91    0    14
17    0    2
242    0    28"
logistic_regression,AMD,lr,13,FS_13,0.4111,0.486,0.4111,0.3615,"121    2    23
23    0    11
196    0    57"
random_forest,AMD,rf,13,FS_13,0.4594,0.4824,0.4594,0.4584,"66    1    69
15    3    12
112    4    112"
xgboost,AMD,xgb,13,FS_13,0.434,0.4512,0.434,0.4217,"81    1    54
17    0    13
136    2    90"
logistic_regression,NVDA,lr,13,FS_13,0.4226,0.4899,0.4226,0.4079,"92    0    44
34    0    4
168    0    91"
random_forest,NVDA,rf,13,FS_13,0.3274,0.5755,0.3274,0.2184,"110    0    3
35    0    2
225    0    19"
xgboost,NVDA,xgb,13,FS_13,0.3401,0.5821,0.3401,0.2408,"110    0    3
34    0    3
220    0    24"
logistic_regression,QQQ,lr,13,FS_13,0.3072,0.4839,0.3072,0.2769,"79    2    20
98    35    11
162    7    19"
random_forest,QQQ,rf,13,FS_13,0.3401,0.6157,0.3401,0.3191,"69    10    7
85    44    0
148    10    21"
xgboost,QQQ,xgb,13,FS_13,0.3147,0.6281,0.3147,0.2762,"77    2    7
103    26    0
150    8    21"
